# dVx,dVy,dVz,time to request
0.000000000000000000e+00,0.000000000000000000e+00,0.000000000000000000e+00,1.313656610212348211e-02
1.698308810757218346e-01,-1.596374387150547303e-01,-2.089886477376384777e-01,4.443819350171000077e-02
1.531401943635728236e+00,-4.138772137500708048e-01,-6.908535559824766636e+00,6.476791470692929049e-03
2.286451354334464448e+00,-4.918182178208044264e-01,-6.558800023835262394e+00,2.923646801248854822e-03
