# dVx,dVy,dVz,time to request
1.176106046069814504e+00,1.045436168967882828e+00,1.121738854883190584e+00,1.499673276192381127e+04
