# dVx,dVy,dVz,time to request
0.000000000000000000e+00,0.000000000000000000e+00,0.000000000000000000e+00,6.699349652507470554e-02
-1.605441732434036983e-01,-3.731031672196077342e-01,-6.810007208270185686e-01,nan
